Name,ListPrice
"Road-150 Red, 44",3578.27
"Road-150 Red, 48",3578.27
"Road-150 Red, 52",3578.27
"Road-150 Red, 56",3578.27
"Road-150 Red, 62",3578.27
"Mountain-100 Silver, 38",3399.99
"Mountain-100 Silver, 42",3399.99
"Mountain-100 Silver, 44",3399.99
"Mountain-100 Silver, 48",3399.99
"Mountain-100 Black, 38",3374.99
"Mountain-100 Black, 42",3374.99
"Mountain-100 Black, 44",3374.99
"Mountain-100 Black, 48",3374.99
"Road-250 Black, 44",2443.35
"Road-250 Black, 48",2443.35
"Road-250 Black, 52",2443.35
"Road-250 Black, 58",2443.35
"Road-250 Red, 44",2443.35
"Road-250 Red, 48",2443.35
"Road-250 Red, 52",2443.35
"Road-250 Red, 58",2443.35
"Touring-1000 Blue, 46",2384.07
"Touring-1000 Blue, 50",2384.07
"Touring-1000 Blue, 54",2384.07
"Touring-1000 Blue, 60",2384.07
"Touring-1000 Yellow, 46",2384.07
"Touring-1000 Yellow, 50",2384.07
"Touring-1000 Yellow, 54",2384.07
"Touring-1000 Yellow, 60",2384.07
"Mountain-200 Silver, 38",2319.99
"Mountain-200 Silver, 42",2319.99
"Mountain-200 Silver, 46",2319.99
"Mountain-200 Black, 38",2294.99
"Mountain-200 Black, 42",2294.99
"Mountain-200 Black, 46",2294.99
"Road-350-W Yellow, 40",1700.99
"Road-350-W Yellow, 42",1700.99
"Road-350-W Yellow, 44",1700.99
"Road-350-W Yellow, 48",1700.99
"Road-450 Red, 44",1457.99
"Road-450 Red, 48",1457.99
"Road-450 Red, 52",1457.99
"Road-450 Red, 58",1457.99
"Road-450 Red, 60",1457.99
"HL Road Frame - Black, 44",1431.50
"HL Road Frame - Black, 48",1431.50
"HL Road Frame - Black, 52",1431.50
"HL Road Frame - Black, 58",1431.50
"HL Road Frame - Black, 62",1431.50
"HL Road Frame - Red, 44",1431.50
"HL Road Frame - Red, 48",1431.50
"HL Road Frame - Red, 52",1431.50
"HL Road Frame - Red, 56",1431.50
"HL Road Frame - Red, 58",1431.50
"HL Road Frame - Red, 62",1431.50
"HL Mountain Frame - Silver, 38",1364.50
"HL Mountain Frame - Silver, 42",1364.50
"HL Mountain Frame - Silver, 44",1364.50
"HL Mountain Frame - Silver, 46",1364.50
"HL Mountain Frame - Silver, 48",1364.50
"HL Mountain Frame - Black, 38",1349.60
"HL Mountain Frame - Black, 42",1349.60
"HL Mountain Frame - Black, 44",1349.60
"HL Mountain Frame - Black, 46",1349.60
"HL Mountain Frame - Black, 48",1349.60
"Touring-2000 Blue, 46",1214.85
"Touring-2000 Blue, 50",1214.85
"Touring-2000 Blue, 54",1214.85
"Touring-2000 Blue, 60",1214.85
"Road-550-W Yellow, 38",1120.49
"Road-550-W Yellow, 40",1120.49
"Road-550-W Yellow, 42",1120.49
"Road-550-W Yellow, 44",1120.49
"Road-550-W Yellow, 48",1120.49
"Mountain-300 Black, 38",1079.99
"Mountain-300 Black, 40",1079.99
"Mountain-300 Black, 44",1079.99
"Mountain-300 Black, 48",1079.99
"HL Touring Frame - Blue, 46",1003.91
"HL Touring Frame - Blue, 50",1003.91
"HL Touring Frame - Blue, 54",1003.91
"HL Touring Frame - Blue, 60",1003.91
"HL Touring Frame - Yellow, 46",1003.91
"HL Touring Frame - Yellow, 50",1003.91
"HL Touring Frame - Yellow, 54",1003.91
"HL Touring Frame - Yellow, 60",1003.91
"Road-650 Black, 44",782.99
"Road-650 Black, 48",782.99
"Road-650 Black, 52",782.99
"Road-650 Black, 58",782.99
"Road-650 Black, 60",782.99
"Road-650 Black, 62",782.99
"Road-650 Red, 44",782.99
"Road-650 Red, 48",782.99
"Road-650 Red, 52",782.99
"Road-650 Red, 58",782.99
"Road-650 Red, 60",782.99
"Road-650 Red, 62",782.99
"Mountain-400-W Silver, 38",769.49
"Mountain-400-W Silver, 40",769.49
"Mountain-400-W Silver, 42",769.49
"Mountain-400-W Silver, 46",769.49
"Touring-3000 Blue, 44",742.35
"Touring-3000 Blue, 50",742.35
"Touring-3000 Blue, 54",742.35
"Touring-3000 Blue, 58",742.35
"Touring-3000 Blue, 62",742.35
"Touring-3000 Yellow, 44",742.35
"Touring-3000 Yellow, 50",742.35
"Touring-3000 Yellow, 54",742.35
"Touring-3000 Yellow, 58",742.35
"Touring-3000 Yellow, 62",742.35
"ML Road Frame - Red, 44",594.83
"ML Road Frame - Red, 48",594.83
"ML Road Frame - Red, 52",594.83
"ML Road Frame - Red, 58",594.83
"ML Road Frame - Red, 60",594.83
"ML Road Frame-W - Yellow, 38",594.83
"ML Road Frame-W - Yellow, 40",594.83
"ML Road Frame-W - Yellow, 42",594.83
"ML Road Frame-W - Yellow, 44",594.83
"ML Road Frame-W - Yellow, 48",594.83
"Mountain-500 Silver, 40",564.99
"Mountain-500 Silver, 42",564.99
"Mountain-500 Silver, 44",564.99
"Mountain-500 Silver, 48",564.99
"Mountain-500 Silver, 52",564.99
"Mountain-500 Black, 40",539.99
"Mountain-500 Black, 42",539.99
"Mountain-500 Black, 44",539.99
"Mountain-500 Black, 48",539.99
"Mountain-500 Black, 52",539.99
"Road-750 Black, 44",539.99
"Road-750 Black, 48",539.99
"Road-750 Black, 52",539.99
"Road-750 Black, 58",539.99
HL Crankset,404.99
"ML Mountain Frame-W - Silver, 38",364.09
"ML Mountain Frame-W - Silver, 40",364.09
"ML Mountain Frame-W - Silver, 42",364.09
"ML Mountain Frame-W - Silver, 46",364.09
HL Road Rear Wheel,357.06
"ML Mountain Frame - Black, 38",348.76
"ML Mountain Frame - Black, 40",348.76
"ML Mountain Frame - Black, 44",348.76
"ML Mountain Frame - Black, 48",348.76
"LL Road Frame - Black, 44",337.22
"LL Road Frame - Black, 48",337.22
"LL Road Frame - Black, 52",337.22
"LL Road Frame - Black, 58",337.22
"LL Road Frame - Black, 60",337.22
"LL Road Frame - Black, 62",337.22
"LL Road Frame - Red, 44",337.22
"LL Road Frame - Red, 48",337.22
"LL Road Frame - Red, 52",337.22
"LL Road Frame - Red, 58",337.22
"LL Road Frame - Red, 60",337.22
"LL Road Frame - Red, 62",337.22
"LL Touring Frame - Blue, 44",333.42
"LL Touring Frame - Blue, 50",333.42
"LL Touring Frame - Blue, 54",333.42
"LL Touring Frame - Blue, 58",333.42
"LL Touring Frame - Blue, 62",333.42
"LL Touring Frame - Yellow, 44",333.42
"LL Touring Frame - Yellow, 50",333.42
"LL Touring Frame - Yellow, 54",333.42
"LL Touring Frame - Yellow, 58",333.42
"LL Touring Frame - Yellow, 62",333.42
HL Road Front Wheel,330.06
HL Mountain Rear Wheel,327.215
HL Mountain Front Wheel,300.215
ML Road Rear Wheel,275.385
"LL Mountain Frame - Silver, 40",264.05
"LL Mountain Frame - Silver, 42",264.05
"LL Mountain Frame - Silver, 44",264.05
"LL Mountain Frame - Silver, 48",264.05
"LL Mountain Frame - Silver, 52",264.05
ML Crankset,256.49
"LL Mountain Frame - Black, 40",249.79
"LL Mountain Frame - Black, 42",249.79
"LL Mountain Frame - Black, 44",249.79
"LL Mountain Frame - Black, 48",249.79
"LL Mountain Frame - Black, 52",249.79
ML Road Front Wheel,248.385
Touring Rear Wheel,245.01
ML Mountain Rear Wheel,236.025
HL Fork,229.49
Touring Front Wheel,218.01
ML Mountain Front Wheel,209.025
LL Crankset,175.49
ML Fork,175.49
All-Purpose Bike Stand,159.00
LL Fork,148.22
"Touring-Panniers, Large",125.00
HL Headset,124.73
HL Bottom Bracket,121.49
Rear Derailleur,121.46
HL Mountain Handlebars,120.27
HL Road Handlebars,120.27
Hitch Rack - 4-Bike,120.00
LL Road Rear Wheel,112.565
Front Brakes,106.50
Rear Brakes,106.50
ML Headset,102.29
ML Bottom Bracket,101.24
HL Touring Handlebars,91.57
Front Derailleur,91.49
"Men's Bib-Shorts, L",89.99
"Men's Bib-Shorts, M",89.99
"Men's Bib-Shorts, S",89.99
LL Mountain Rear Wheel,87.745
LL Road Front Wheel,85.565
HL Mountain Pedal,80.99
HL Road Pedal,80.99
Touring Pedal,80.99
"Women's Tights, L",74.99
"Women's Tights, M",74.99
"Women's Tights, S",74.99
"Women's Mountain Shorts, L",69.99
"Women's Mountain Shorts, M",69.99
"Women's Mountain Shorts, S",69.99
"Classic Vest, L",63.50
"Classic Vest, M",63.50
"Classic Vest, S",63.50
ML Mountain Pedal,62.09
ML Road Pedal,62.09
ML Mountain Handlebars,61.92
ML Road Handlebars,61.92
LL Mountain Front Wheel,60.745
"Men's Sports Shorts, L",59.99
"Men's Sports Shorts, M",59.99
"Men's Sports Shorts, S",59.99
"Men's Sports Shorts, XL",59.99
Hydration Pack - 70 oz.,54.99
LL Bottom Bracket,53.99
"Short-Sleeve Classic Jersey, L",53.99
"Short-Sleeve Classic Jersey, M",53.99
"Short-Sleeve Classic Jersey, S",53.99
"Short-Sleeve Classic Jersey, XL",53.99
HL Mountain Seat/Saddle,52.64
HL Road Seat/Saddle,52.64
HL Touring Seat/Saddle,52.64
"Long-Sleeve Logo Jersey, L",49.99
"Long-Sleeve Logo Jersey, M",49.99
"Long-Sleeve Logo Jersey, S",49.99
"Long-Sleeve Logo Jersey, XL",49.99
LL Touring Handlebars,46.09
Headlights - Weatherproof,44.99
LL Mountain Handlebars,44.54
LL Road Handlebars,44.54
LL Mountain Pedal,40.49
LL Road Pedal,40.49
ML Mountain Seat/Saddle,39.14
ML Road Seat/Saddle,39.14
ML Touring Seat/Saddle,39.14
"Full-Finger Gloves, L",37.99
"Full-Finger Gloves, M",37.99
"Full-Finger Gloves, S",37.99
HL Mountain Tire,35.00
Headlights - Dual-Beam,34.99
"Sport-100 Helmet, Black",34.99
"Sport-100 Helmet, Blue",34.99
"Sport-100 Helmet, Red",34.99
LL Headset,34.20
HL Road Tire,32.60
ML Mountain Tire,29.99
Touring Tire,28.99
LL Mountain Seat/Saddle,27.12
LL Road Seat/Saddle,27.12
LL Touring Seat/Saddle,27.12
Cable Lock,25.00
LL Mountain Tire,24.99
ML Road Tire,24.99
Mountain Pump,24.99
"Half-Finger Gloves, L",24.49
"Half-Finger Gloves, M",24.49
"Half-Finger Gloves, S",24.49
Fender Set - Mountain,21.98
LL Road Tire,21.49
Chain,20.24
Minipump,19.99
Taillights - Battery-Powered,13.99
Mountain Bottle Cage,9.99
"Mountain Bike Socks, L",9.50
"Mountain Bike Socks, M",9.50
AWC Logo Cap,8.99
"Racing Socks, L",8.99
"Racing Socks, M",8.99
Road Bottle Cage,8.99
Bike Wash - Dissolver,7.95
Mountain Tire Tube,4.99
Touring Tire Tube,4.99
Water Bottle - 30 oz.,4.99
Road Tire Tube,3.99
Patch Kit/8 Patches,2.29
